<h1>Data Manipulation Language(DML)</h1>

1. **INSERT**
2. **UPDATE**
3. **DELETE**

Latest Data Manipulation Languages 

4. **INSERT ALL**
5. **MERGE**

## 1. INSERT:

- This DML command is used to insert a new row data in to the tables. 

    > Syntax1

    > `INSERT INTO <TN> LUES(VALUE1, VALUE2, VALUE3,....);`

     Example:
  
        INSERT INTO EMPLOYEE1 VALUES(10, 'ANU', 'KERALA');
        INSERT INTO EMPLOYEE1 VALUES(11, 'RAMU', 'CHENNAI');
        INSERT INTO EMPLOYEE1 VALUES(12, 'RAJA', 'HYDERABAD');
  
    > Syntax2

    > `INSERT INTO <TN>(<COLUMNS>) VALUES(VALUE1, VALUE2, VALUE3, ....);`

#### How to insert multiple ROW data into a table continuously? 
  
- This can be achieved by using SUBSTITUTIONAL operator. There are two type of substitutional operator. 

  1. **&**	: TO insert a value into a column dynamically(column values can be changed).
  
     **/**	: To re execute the last fired query on SQL plus
  
  2. **&&**	: To insert values in to a column fixed value(column value cannot be changed). If we want to change column value, then we should "EXIT" from the OracleDB.  
    > Syntax1:

    > `INSERT INTO <TB> VALUES(&<COL1>,&<COL2>,&<COL3>,&<COL4>,&<COL5>,....);` 

    Example:

 
        INSERT INTO EMPLOYEE1 VALUES(&EMPID,'&ENAME','&EADDRESS');

        SQL> INSERT INTO EMPLOYEE1 VALUES(&EMPID,'&ENAME','&EADDRESS');
        Enter value for empid: 105
        Enter value for ename: MALU
        Enter value for eaddress: SCBRO
        old   1: INSERT INTO EMPLOYEE1 VALUES(&EMPID,'&ENAME','&EADDRESS')
        new   1: INSERT INTO EMPLOYEE1 VALUES(105,'MALU','SCBRO')

        1 row created.

        SQL> / 

        Note:
        To insert he same data again, type '/' and hit enter

        SQL> INSERT INTO EMPLOYEE1 VALUES(&EMPID,'&ENAME','&EADDRESS');
        Enter value for empid: 106
        Enter value for ename: RAKHU
        Enter value for eaddress: RAM
        old   1: INSERT INTO EMPLOYEE1 VALUES(&EMPID,'&ENAME','&EADDRESS')
        new   1: INSERT INTO EMPLOYEE1 VALUES(106,'RAKHU','RAM')

        1 row created.

        SQL> /
        Enter value for empid: 107
        Enter value for ename: SHEELA
        Enter value for eaddress: RAM
        old   1: INSERT INTO EMPLOYEE1 VALUES(&EMPID,'&ENAME','&EADDRESS')
        new   1: INSERT INTO EMPLOYEE1 VALUES(107,'SHEELA','RAM')

        1 row created.

        SQL>

        SELECT * FROM EMPLOYEE1;

        EMPID ENAME                EADDRESS
        ---------- -------------------- --------------------
        101 VAISHNAVI            CANADA
        102 ROSHNI
        103 ROHITH               ONTARIO
        103 ROHITH               ONTARIO
        104 ANU                  MARKHAM
        105 MALU                 SCBRO

        6 rows selected.

        SQL>

  > Syntax2:

  > `INSERT INTO <TN> (REQUIRED COLUMNS) VALUES(&&<COL1>, &&<col2>, .....)`

    Example:

        INSERT INTO EMPLOYEE1 (EMPID, ENAME,EADDRESS) VALUES(&EMPID, '&ENAME', '&&EADDRESS');
    
    <b>Note:</b>
            Here we have given double & symbol in the address part. while executinf the above command, it will ask the address only the first time. for the following execution, it will take the same value for all consicutive entries. <br><br>Moreover, if we execute the Syntax1 again, it will take only the Syntax2. To get rid of this we need to exit the current oracle SQL plus window and re open a new window. 

    
    Example:
        
        SQL> INSERT INTO EMPLOYEE1 (EMPID, ENAME,EADDRESS) VALUES(&EMPID, '&ENAME', '&&EADDRESS');
        Enter value for empid: 110
        Enter value for ename: SYAM
        Enter value for eaddress: KERALA
        old   1: INSERT INTO EMPLOYEE1 (EMPID, ENAME,EADDRESS) VALUES(&EMPID, '&ENAME', '&&EADDRESS')
        new   1: INSERT INTO EMPLOYEE1 (EMPID, ENAME,EADDRESS) VALUES(110, 'SYAM', 'KERALA')

        1 row created.

        SQL> /
        Enter value for empid: 111
        Enter value for ename: MOHAN
        old   1: INSERT INTO EMPLOYEE1 (EMPID, ENAME,EADDRESS) VALUES(&EMPID, '&ENAME', '&&EADDRESS')
        new   1: INSERT INTO EMPLOYEE1 (EMPID, ENAME,EADDRESS) VALUES(111, 'MOHAN', 'KERALA')

        1 row created.

        SQL> /
        Enter value for empid: 112
        Enter value for ename: LEKSHMI
        old   1: INSERT INTO EMPLOYEE1 (EMPID, ENAME,EADDRESS) VALUES(&EMPID, '&ENAME', '&&EADDRESS')
        new   1: INSERT INTO EMPLOYEE1 (EMPID, ENAME,EADDRESS) VALUES(112, 'LEKSHMI', 'KERALA')

        1 row created.

        SQL> SELECT * FROM EMPLOYEE1;

            EMPID ENAME                EADDRESS
        ---------- -------------------- --------------------
            101 VAISHNAVI            CANADA
            102 ROSHNI
            103 ROHITH               ONTARIO
            103 ROHITH               ONTARIO
            104 ANU                  MARKHAM
            105 MALU                 SCBRO
            11 RAMU                 CHENNAI
            12 RAJA                 HYDERABAD
            106 RAKHU                RAM
            107 SHEELA               RAM
            108 MOLY                 KUTTY
            109 RAMU                 CHANNEI
            103 KICHU                CA
            110 SYAM                 KERALA
            111 MOHAN                KERALA
            112 LEKSHMI              KERALA

        16 rows selected.

        SQL>
   
    
## 2. UPDATE:
- To update all rows data in a table at a time.
OR
- To update a specific row data in a table by using a "WHERE" clause.

- Let's create a new table for practicing this 

            CREATE TABLE EMP(EID INT, ENAME VARCHAR(20), JOB VARCHAR(20), SAL NUMBER(10));	

            INSERT INTO EMP VALUES(101, 'ANU', 'ADMIN', 1000);
            INSERT INTO EMP VALUES(102, 'RAMU', 'DEVELOPER', 1200);
            INSERT INTO EMP VALUES(103, 'RAJA', 'ANALYST', 1000);
            INSERT INTO EMP VALUES(104, 'RAJA', 'ANALYST', 1000);
            INSERT INTO EMP VALUES(105, 'SMITH', 'MANAGER', 1200);
            INSERT INTO EMP VALUES(106, 'ALEN', 'SALESMAN', 1600);
            INSERT INTO EMP VALUES(107, 'WARD', 'SALESMAN', 1600);
            INSERT INTO EMP VALUES(108, 'JONES', 'CLERK', 800);
            INSERT INTO EMP VALUES(109, 'MARTIN', 'CLERK', 800);
            INSERT INTO EMP VALUES(110, 'BLAKE', 'CLERK', 800);
            INSERT INTO EMP VALUES(111, 'CLARK', 'ADMIN', 1000);
            INSERT INTO EMP VALUES(112, 'SCOOT', 'ADMIN', 1000);
            INSERT INTO EMP VALUES(113, 'KING', 'PRESIDENT', 4000);
            INSERT INTO EMP VALUES(114, 'TURNER', 'MANAGER', 1200);

> Syntax:

 `UPDATE <TN> SET <COLUMN NAME1>=<VALUE1>, <COLUMN NAME2>=<VALUE2>,.... WHERE <CONDITION>;`

   Example:
    
        UPDATE EMP SET JOB=HR , SAL=900 WHERE EID=112

        SQL> UPDATE EMP SET JOB='HR',SAL=1100 WHERE EID=112;

        1 row updated.

        SQL>

        SQL> SELECT * FROM EMP;

        EID ENAME                JOB                         SAL
        ---------- -------------------- -------------------- ----------
        101 ANU                  ADMIN                      1000
        102 RAMU                 DEVELOPER                  1200
        103 RAJA                 ANALYST                    1000
        104 RAJA                 ANALYST                    1000
        105 SMITH                MANAGER                    1200
        106 ALEN                 SALESMAN                   1600
        107 WARD                 SALESMAN                   1600
        108 JONES                CLERK                       800
        109 MARTIN               CLERK                       800
        110 BLAKE                CLERK                       800
        111 CLARK                ADMIN                      1000
        112 SCOOT                HR                         1100
        113 KING                 PRESIDENT                  4000
        114 TURNER               MANAGER                    1200

        14 rows selected.


        SQL> UPDATE EMP SET SAL=7500;

        14 rows updated.

        SQL> SELECT * FROM EMP;

        EID ENAME                JOB                         SAL
        ---------- -------------------- -------------------- ----------
        101 ANU                  ADMIN                      7500
        102 RAMU                 DEVELOPER                  7500
        103 RAJA                 ANALYST                    7500
        104 RAJA                 ANALYST                    7500
        105 SMITH                MANAGER                    7500
        106 ALEN                 SALESMAN                   7500
        107 WARD                 SALESMAN                   7500
        108 JONES                CLERK                      7500
        109 MARTIN               CLERK                      7500
        110 BLAKE                CLERK                      7500
        111 CLARK                ADMIN                      7500
        112 SCOOT                HR                         7500
        113 KING                 PRESIDENT                  7500
        114 TURNER               MANAGER                    7500

        14 rows selected.

        SQL>

    
  
## 3. DELETE:

- To delete all rows data at a time 
OR
- To delete a specific row data using "WHERE" clause.

> Syntax:

> `DELETE FROM <TN> [WHERE <CONDITION>];`

   Example:

       
       SQL> DELETE FROM EMP WHERE ENAME='JONES';

        1 row deleted.

        SQL> SELECT * FROM EMP;

            EID ENAME                JOB                         SAL
        ---------- -------------------- -------------------- ----------
            101 ANU                  ADMIN                      7500
            102 RAMU                 DEVELOPER                  7500
            103 RAJA                 ANALYST                    7500
            104 RAJA                 ANALYST                    7500
            105 SMITH                MANAGER                    7500
            106 ALEN                 SALESMAN                   7500
            107 WARD                 SALESMAN                   7500
            109 MARTIN               CLERK                      7500
            110 BLAKE                CLERK                      7500
            111 CLARK                ADMIN                      7500
            112 SCOOT                HR                         7500
            113 KING                 PRESIDENT                  7500
            114 TURNER               MANAGER                    7500

        13 rows selected.

        SQL> DELETE FROM EMP;

        13 rows deleted.

        SQL> SELECT * FROM EMP;

        no rows selected

        SQL>


**Difference between DELETE and TRUNCATE**

|	| DELETE    		|			     					TRUNCATE|
|---|-----------------|------------------------------------------|
|1.|To delete a specifiv ROW|										Not Possible|
|2.|supporting "WHERE" clause condition	|						 Not supported.|
|3.| TEMPORARY data delition|										 PERMANANT data delition|
|4.| we can restore the deleted data by using rollback command.| 	 We cannot restore the data by using rollback command.|
|5.| Execution speed is slow(Deleting ROWS one-by-one)	|		 Execution speed is fast(deleting the rows at a time as a set of rows)	|						5. 


        Note: 

        "FLASHBACK" -- COMMAND IS USED FOR RESTORING THE TABLE, NOT THE DATA
        "ROLLBACK"  -- COMMAND IS USED FOR RESTORING THE DATA IN A TABLE. 

